Unique ID,Previous Period,Previous Period 2,Current Period,Next Period,Number of Days
1,2023-11-30,2023-11-02,2023-12-28,2024-01-25,4
2,2024-07-29,2024-07-01,2024-08-26,2024-09-23,3
3,2024-08-25,2024-07-28,2024-09-22,2024-10-20,5
4,2023-07-25,2023-06-27,2023-08-22,2023-09-19,5
5,2021-12-15,2021-11-17,2022-01-12,2022-02-09,4
6,2023-10-10,2023-09-12,2023-11-07,2023-12-05,5
7,2024-10-13,2024-09-15,2024-11-10,2024-12-08,3
8,2022-08-10,2022-07-13,2022-09-07,2022-10-05,3
9,2024-02-28,2024-01-31,2024-03-27,2024-04-24,3
10,2022-11-06,2022-10-09,2022-12-04,2023-01-01,4
11,2022-10-15,2022-09-17,2022-11-12,2022-12-10,3
12,2023-04-22,2023-03-25,2023-05-20,2023-06-17,4
13,2022-09-11,2022-08-14,2022-10-09,2022-11-06,3
14,2024-05-20,2024-04-22,2024-06-17,2024-07-15,5
15,2023-04-23,2023-03-26,2023-05-21,2023-06-18,4
16,2022-04-27,2022-03-30,2022-05-25,2022-06-22,3
17,2024-02-07,2024-01-10,2024-03-06,2024-04-03,5
18,2023-01-29,2023-01-01,2023-02-26,2023-03-26,3
19,2022-03-31,2022-03-03,2022-04-28,2022-05-26,5
20,2023-05-21,2023-04-23,2023-06-18,2023-07-16,4
21,2024-08-03,2024-07-06,2024-08-31,2024-09-28,5
22,2022-05-20,2022-04-22,2022-06-17,2022-07-15,5
23,2024-04-02,2024-03-05,2024-04-30,2024-05-28,5
24,2024-08-26,2024-07-29,2024-09-23,2024-10-21,4
25,2023-03-28,2023-02-28,2023-04-25,2023-05-23,5
26,2023-02-19,2023-01-22,2023-03-19,2023-04-16,3
27,2023-07-13,2023-06-15,2023-08-10,2023-09-07,3
28,2022-08-06,2022-07-09,2022-09-03,2022-10-01,5
29,2022-01-14,2021-12-17,2022-02-11,2022-03-11,3
30,2023-02-25,2023-01-28,2023-03-25,2023-04-22,5
31,2022-06-14,2022-05-17,2022-07-12,2022-08-09,3
32,2023-05-17,2023-04-19,2023-06-14,2023-07-12,3
33,2024-10-26,2024-09-28,2024-11-23,2024-12-21,5
34,2024-05-25,2024-04-27,2024-06-22,2024-07-20,5
35,2024-08-11,2024-07-14,2024-09-08,2024-10-06,5
36,2024-09-08,2024-08-11,2024-10-06,2024-11-03,4
37,2022-08-12,2022-07-15,2022-09-09,2022-10-07,5
38,2023-12-28,2023-11-30,2024-01-25,2024-02-22,4
39,2023-05-04,2023-04-06,2023-06-01,2023-06-29,4
40,2023-08-15,2023-07-18,2023-09-12,2023-10-10,3
41,2022-04-25,2022-03-28,2022-05-23,2022-06-20,4
42,2022-11-27,2022-10-30,2022-12-25,2023-01-22,5
43,2022-08-12,2022-07-15,2022-09-09,2022-10-07,5
44,2023-11-29,2023-11-01,2023-12-27,2024-01-24,3
45,2024-08-08,2024-07-11,2024-09-05,2024-10-03,4
46,2024-10-26,2024-09-28,2024-11-23,2024-12-21,3
47,2023-02-08,2023-01-11,2023-03-08,2023-04-05,5
48,2022-12-10,2022-11-12,2023-01-07,2023-02-04,3
49,2022-10-28,2022-09-30,2022-11-25,2022-12-23,3
50,2023-11-28,2023-10-31,2023-12-26,2024-01-23,5
51,2023-11-21,2023-10-24,2023-12-19,2024-01-16,4
52,2021-12-21,2021-11-23,2022-01-18,2022-02-15,5
53,2024-02-14,2024-01-17,2024-03-13,2024-04-10,5
54,2022-01-20,2021-12-23,2022-02-17,2022-03-17,4
55,2022-07-10,2022-06-12,2022-08-07,2022-09-04,4
56,2022-11-23,2022-10-26,2022-12-21,2023-01-18,4
57,2024-01-22,2023-12-25,2024-02-19,2024-03-18,5
58,2024-01-18,2023-12-21,2024-02-15,2024-03-14,3
59,2023-09-06,2023-08-09,2023-10-04,2023-11-01,5
60,2022-11-17,2022-10-20,2022-12-15,2023-01-12,3
61,2023-10-30,2023-10-02,2023-11-27,2023-12-25,4
62,2023-12-26,2023-11-28,2024-01-23,2024-02-20,5
63,2021-12-27,2021-11-29,2022-01-24,2022-02-21,3
64,2024-05-13,2024-04-15,2024-06-10,2024-07-08,5
65,2023-05-22,2023-04-24,2023-06-19,2023-07-17,4
66,2022-11-04,2022-10-07,2022-12-02,2022-12-30,3
67,2024-07-02,2024-06-04,2024-07-30,2024-08-27,3
68,2023-01-08,2022-12-11,2023-02-05,2023-03-05,4
69,2024-09-03,2024-08-06,2024-10-01,2024-10-29,4
70,2024-02-10,2024-01-13,2024-03-09,2024-04-06,3
71,2024-07-30,2024-07-02,2024-08-27,2024-09-24,4
72,2023-11-20,2023-10-23,2023-12-18,2024-01-15,5
73,2023-03-02,2023-02-02,2023-03-30,2023-04-27,4
74,2022-05-13,2022-04-15,2022-06-10,2022-07-08,3
75,2024-02-21,2024-01-24,2024-03-20,2024-04-17,5
76,2024-11-06,2024-10-09,2024-12-04,2025-01-01,4
77,2023-09-29,2023-09-01,2023-10-27,2023-11-24,4
78,2022-11-30,2022-11-02,2022-12-28,2023-01-25,4
79,2022-04-29,2022-04-01,2022-05-27,2022-06-24,5
80,2022-11-09,2022-10-12,2022-12-07,2023-01-04,5
81,2022-08-04,2022-07-07,2022-09-01,2022-09-29,5
82,2022-07-13,2022-06-15,2022-08-10,2022-09-07,3
83,2022-03-24,2022-02-24,2022-04-21,2022-05-19,5
84,2022-08-29,2022-08-01,2022-09-26,2022-10-24,4
85,2022-02-23,2022-01-26,2022-03-23,2022-04-20,5
86,2023-11-30,2023-11-02,2023-12-28,2024-01-25,3
87,2022-01-04,2021-12-07,2022-02-01,2022-03-01,4
88,2022-10-11,2022-09-13,2022-11-08,2022-12-06,4
89,2023-11-23,2023-10-26,2023-12-21,2024-01-18,4
90,2022-08-09,2022-07-12,2022-09-06,2022-10-04,5
91,2024-04-05,2024-03-08,2024-05-03,2024-05-31,3
92,2022-07-01,2022-06-03,2022-07-29,2022-08-26,3
93,2022-02-02,2022-01-05,2022-03-02,2022-03-30,5
94,2024-04-23,2024-03-26,2024-05-21,2024-06-18,3
95,2024-07-21,2024-06-23,2024-08-18,2024-09-15,5
96,2024-07-27,2024-06-29,2024-08-24,2024-09-21,3
97,2023-05-20,2023-04-22,2023-06-17,2023-07-15,4
98,2024-09-28,2024-08-31,2024-10-26,2024-11-23,5
99,2024-04-12,2024-03-15,2024-05-10,2024-06-07,3
100,2023-02-10,2023-01-13,2023-03-10,2023-04-07,5
101,2024-05-08,2024-04-10,2024-06-05,2024-07-03,5
102,2024-09-08,2024-08-11,2024-10-06,2024-11-03,3
103,2023-09-10,2023-08-13,2023-10-08,2023-11-05,3
104,2023-09-01,2023-08-04,2023-09-29,2023-10-27,4
105,2022-05-23,2022-04-25,2022-06-20,2022-07-18,4
106,2024-01-14,2023-12-17,2024-02-11,2024-03-10,4
107,2023-02-19,2023-01-22,2023-03-19,2023-04-16,4
108,2023-05-20,2023-04-22,2023-06-17,2023-07-15,5
109,2023-12-19,2023-11-21,2024-01-16,2024-02-13,5
110,2024-04-04,2024-03-07,2024-05-02,2024-05-30,4
111,2024-03-23,2024-02-24,2024-04-20,2024-05-18,3
112,2024-01-14,2023-12-17,2024-02-11,2024-03-10,4
113,2023-07-16,2023-06-18,2023-08-13,2023-09-10,3
114,2022-10-17,2022-09-19,2022-11-14,2022-12-12,5
115,2024-10-17,2024-09-19,2024-11-14,2024-12-12,4
116,2024-02-13,2024-01-16,2024-03-12,2024-04-09,3
117,2022-03-03,2022-02-03,2022-03-31,2022-04-28,4
118,2022-11-01,2022-10-04,2022-11-29,2022-12-27,4
119,2024-02-20,2024-01-23,2024-03-19,2024-04-16,4
120,2022-09-12,2022-08-15,2022-10-10,2022-11-07,3
121,2023-11-25,2023-10-28,2023-12-23,2024-01-20,4
122,2023-05-06,2023-04-08,2023-06-03,2023-07-01,5
123,2022-05-13,2022-04-15,2022-06-10,2022-07-08,5
124,2022-07-02,2022-06-04,2022-07-30,2022-08-27,3
125,2023-09-02,2023-08-05,2023-09-30,2023-10-28,5
126,2022-12-09,2022-11-11,2023-01-06,2023-02-03,5
127,2023-01-26,2022-12-29,2023-02-23,2023-03-23,5
128,2022-09-10,2022-08-13,2022-10-08,2022-11-05,4
129,2024-03-08,2024-02-09,2024-04-05,2024-05-03,3
130,2022-04-19,2022-03-22,2022-05-17,2022-06-14,3
131,2023-11-24,2023-10-27,2023-12-22,2024-01-19,5
132,2023-04-09,2023-03-12,2023-05-07,2023-06-04,4
133,2021-12-12,2021-11-14,2022-01-09,2022-02-06,4
134,2022-01-11,2021-12-14,2022-02-08,2022-03-08,3
135,2022-12-05,2022-11-07,2023-01-02,2023-01-30,4
136,2022-04-22,2022-03-25,2022-05-20,2022-06-17,3
137,2024-11-15,2024-10-18,2024-12-13,2025-01-10,5
138,2024-11-14,2024-10-17,2024-12-12,2025-01-09,5
139,2024-10-05,2024-09-07,2024-11-02,2024-11-30,5
140,2024-08-23,2024-07-26,2024-09-20,2024-10-18,5
141,2024-02-14,2024-01-17,2024-03-13,2024-04-10,4
142,2024-09-03,2024-08-06,2024-10-01,2024-10-29,3
143,2024-06-14,2024-05-17,2024-07-12,2024-08-09,3
144,2024-06-21,2024-05-24,2024-07-19,2024-08-16,3
145,2022-07-22,2022-06-24,2022-08-19,2022-09-16,4
146,2022-01-29,2022-01-01,2022-02-26,2022-03-26,5
147,2024-10-06,2024-09-08,2024-11-03,2024-12-01,4
148,2024-06-09,2024-05-12,2024-07-07,2024-08-04,5
149,2024-06-19,2024-05-22,2024-07-17,2024-08-14,5
150,2023-05-23,2023-04-25,2023-06-20,2023-07-18,4
151,2023-08-07,2023-07-10,2023-09-04,2023-10-02,5
152,2024-10-20,2024-09-22,2024-11-17,2024-12-15,3
153,2024-09-24,2024-08-27,2024-10-22,2024-11-19,5
154,2024-01-25,2023-12-28,2024-02-22,2024-03-21,4
155,2024-05-15,2024-04-17,2024-06-12,2024-07-10,4
156,2024-03-30,2024-03-02,2024-04-27,2024-05-25,5
157,2024-05-26,2024-04-28,2024-06-23,2024-07-21,5
158,2022-09-09,2022-08-12,2022-10-07,2022-11-04,3
159,2021-12-28,2021-11-30,2022-01-25,2022-02-22,4
160,2023-09-22,2023-08-25,2023-10-20,2023-11-17,3
161,2022-10-14,2022-09-16,2022-11-11,2022-12-09,3
162,2024-10-05,2024-09-07,2024-11-02,2024-11-30,4
163,2024-03-31,2024-03-03,2024-04-28,2024-05-26,3
164,2022-08-18,2022-07-21,2022-09-15,2022-10-13,3
165,2024-07-29,2024-07-01,2024-08-26,2024-09-23,5
166,2022-06-25,2022-05-28,2022-07-23,2022-08-20,3
167,2022-07-09,2022-06-11,2022-08-06,2022-09-03,4
168,2024-07-30,2024-07-02,2024-08-27,2024-09-24,5
169,2024-06-24,2024-05-27,2024-07-22,2024-08-19,5
170,2024-11-01,2024-10-04,2024-11-29,2024-12-27,5
171,2024-08-06,2024-07-09,2024-09-03,2024-10-01,5
172,2023-02-15,2023-01-18,2023-03-15,2023-04-12,5
173,2024-07-09,2024-06-11,2024-08-06,2024-09-03,4
174,2023-04-06,2023-03-09,2023-05-04,2023-06-01,3
175,2022-02-20,2022-01-23,2022-03-20,2022-04-17,4
176,2023-09-29,2023-09-01,2023-10-27,2023-11-24,3
177,2024-10-06,2024-09-08,2024-11-03,2024-12-01,4
178,2024-05-31,2024-05-03,2024-06-28,2024-07-26,4
179,2023-10-31,2023-10-03,2023-11-28,2023-12-26,3
180,2021-12-29,2021-12-01,2022-01-26,2022-02-23,4
181,2023-04-13,2023-03-16,2023-05-11,2023-06-08,4
182,2024-02-09,2024-01-12,2024-03-08,2024-04-05,3
183,2022-03-12,2022-02-12,2022-04-09,2022-05-07,5
184,2022-06-25,2022-05-28,2022-07-23,2022-08-20,5
185,2023-08-28,2023-07-31,2023-09-25,2023-10-23,3
186,2023-09-27,2023-08-30,2023-10-25,2023-11-22,3
187,2022-09-03,2022-08-06,2022-10-01,2022-10-29,4
188,2024-05-17,2024-04-19,2024-06-14,2024-07-12,3
189,2023-10-09,2023-09-11,2023-11-06,2023-12-04,5
190,2024-05-16,2024-04-18,2024-06-13,2024-07-11,5
191,2023-05-21,2023-04-23,2023-06-18,2023-07-16,4
192,2023-03-07,2023-02-07,2023-04-04,2023-05-02,4
193,2024-06-20,2024-05-23,2024-07-18,2024-08-15,5
194,2022-02-24,2022-01-27,2022-03-24,2022-04-21,3
195,2024-07-21,2024-06-23,2024-08-18,2024-09-15,4
196,2022-10-03,2022-09-05,2022-10-31,2022-11-28,3
197,2024-04-01,2024-03-04,2024-04-29,2024-05-27,4
198,2023-12-16,2023-11-18,2024-01-13,2024-02-10,4
199,2023-02-28,2023-01-31,2023-03-28,2023-04-25,5
200,2021-12-21,2021-11-23,2022-01-18,2022-02-15,3
201,2024-03-25,2024-02-26,2024-04-22,2024-05-20,3
202,2024-08-11,2024-07-14,2024-09-08,2024-10-06,5
203,2022-09-06,2022-08-09,2022-10-04,2022-11-01,4
204,2024-02-20,2024-01-23,2024-03-19,2024-04-16,4
205,2024-10-06,2024-09-08,2024-11-03,2024-12-01,5
206,2022-04-11,2022-03-14,2022-05-09,2022-06-06,3
207,2023-10-25,2023-09-27,2023-11-22,2023-12-20,4
208,2024-02-16,2024-01-19,2024-03-15,2024-04-12,4
209,2023-05-31,2023-05-03,2023-06-28,2023-07-26,5
210,2023-07-29,2023-07-01,2023-08-26,2023-09-23,4
211,2024-10-27,2024-09-29,2024-11-24,2024-12-22,5
212,2023-11-07,2023-10-10,2023-12-05,2024-01-02,4
213,2023-07-23,2023-06-25,2023-08-20,2023-09-17,4
214,2022-12-11,2022-11-13,2023-01-08,2023-02-05,4
215,2023-04-17,2023-03-20,2023-05-15,2023-06-12,4
216,2022-03-06,2022-02-06,2022-04-03,2022-05-01,4
217,2022-07-23,2022-06-25,2022-08-20,2022-09-17,4
218,2023-08-31,2023-08-03,2023-09-28,2023-10-26,5
219,2024-01-17,2023-12-20,2024-02-14,2024-03-13,3
220,2024-07-11,2024-06-13,2024-08-08,2024-09-05,5
221,2024-09-04,2024-08-07,2024-10-02,2024-10-30,4
222,2023-07-13,2023-06-15,2023-08-10,2023-09-07,5
223,2022-04-11,2022-03-14,2022-05-09,2022-06-06,5
224,2024-06-06,2024-05-09,2024-07-04,2024-08-01,4
225,2023-10-03,2023-09-05,2023-10-31,2023-11-28,5
226,2023-03-12,2023-02-12,2023-04-09,2023-05-07,3
227,2022-07-23,2022-06-25,2022-08-20,2022-09-17,5
228,2024-09-20,2024-08-23,2024-10-18,2024-11-15,4
229,2023-04-21,2023-03-24,2023-05-19,2023-06-16,4
230,2023-02-03,2023-01-06,2023-03-03,2023-03-31,4
231,2022-12-16,2022-11-18,2023-01-13,2023-02-10,5
232,2024-01-09,2023-12-12,2024-02-06,2024-03-05,4
233,2024-05-19,2024-04-21,2024-06-16,2024-07-14,3
234,2024-08-07,2024-07-10,2024-09-04,2024-10-02,5
235,2023-05-07,2023-04-09,2023-06-04,2023-07-02,5
236,2022-05-06,2022-04-08,2022-06-03,2022-07-01,3
237,2023-10-15,2023-09-17,2023-11-12,2023-12-10,3
238,2024-07-11,2024-06-13,2024-08-08,2024-09-05,5
239,2024-01-23,2023-12-26,2024-02-20,2024-03-19,3
240,2022-02-25,2022-01-28,2022-03-25,2022-04-22,3
241,2022-07-13,2022-06-15,2022-08-10,2022-09-07,5
242,2023-09-24,2023-08-27,2023-10-22,2023-11-19,4
243,2022-02-07,2022-01-10,2022-03-07,2022-04-04,5
244,2023-09-25,2023-08-28,2023-10-23,2023-11-20,3
245,2022-12-04,2022-11-06,2023-01-01,2023-01-29,5
246,2023-09-03,2023-08-06,2023-10-01,2023-10-29,3
247,2022-08-04,2022-07-07,2022-09-01,2022-09-29,3
248,2022-10-30,2022-10-02,2022-11-27,2022-12-25,3
249,2022-08-15,2022-07-18,2022-09-12,2022-10-10,4
250,2023-11-10,2023-10-13,2023-12-08,2024-01-05,3
251,2023-07-20,2023-06-22,2023-08-17,2023-09-14,4
252,2024-07-22,2024-06-24,2024-08-19,2024-09-16,3
253,2022-12-11,2022-11-13,2023-01-08,2023-02-05,5
254,2022-07-17,2022-06-19,2022-08-14,2022-09-11,5
255,2023-08-17,2023-07-20,2023-09-14,2023-10-12,4
256,2022-05-10,2022-04-12,2022-06-07,2022-07-05,4
257,2024-01-16,2023-12-19,2024-02-13,2024-03-12,5
258,2023-11-04,2023-10-07,2023-12-02,2023-12-30,4
259,2024-06-17,2024-05-20,2024-07-15,2024-08-12,5
260,2023-11-27,2023-10-30,2023-12-25,2024-01-22,3
261,2022-04-26,2022-03-29,2022-05-24,2022-06-21,3
262,2022-09-02,2022-08-05,2022-09-30,2022-10-28,4
263,2022-09-14,2022-08-17,2022-10-12,2022-11-09,4
264,2022-05-07,2022-04-09,2022-06-04,2022-07-02,5
265,2023-10-15,2023-09-17,2023-11-12,2023-12-10,5
266,2022-03-26,2022-02-26,2022-04-23,2022-05-21,3
267,2024-11-20,2024-10-23,2024-12-18,2025-01-15,5
268,2024-09-09,2024-08-12,2024-10-07,2024-11-04,5
269,2023-06-18,2023-05-21,2023-07-16,2023-08-13,5
270,2023-08-02,2023-07-05,2023-08-30,2023-09-27,4
271,2022-08-20,2022-07-23,2022-09-17,2022-10-15,5
272,2024-05-21,2024-04-23,2024-06-18,2024-07-16,5
273,2024-02-29,2024-02-01,2024-03-28,2024-04-25,5
274,2023-11-14,2023-10-17,2023-12-12,2024-01-09,3
275,2022-03-06,2022-02-06,2022-04-03,2022-05-01,4
276,2022-06-23,2022-05-26,2022-07-21,2022-08-18,5
277,2022-11-04,2022-10-07,2022-12-02,2022-12-30,4
278,2024-07-11,2024-06-13,2024-08-08,2024-09-05,4
279,2022-02-13,2022-01-16,2022-03-13,2022-04-10,3
280,2024-05-13,2024-04-15,2024-06-10,2024-07-08,5
281,2023-03-14,2023-02-14,2023-04-11,2023-05-09,4
282,2022-11-18,2022-10-21,2022-12-16,2023-01-13,3
283,2023-05-26,2023-04-28,2023-06-23,2023-07-21,3
284,2022-11-11,2022-10-14,2022-12-09,2023-01-06,3
285,2024-04-04,2024-03-07,2024-05-02,2024-05-30,4
286,2022-04-12,2022-03-15,2022-05-10,2022-06-07,5
287,2024-11-15,2024-10-18,2024-12-13,2025-01-10,4
288,2022-03-14,2022-02-14,2022-04-11,2022-05-09,3
289,2022-03-13,2022-02-13,2022-04-10,2022-05-08,4
290,2024-02-11,2024-01-14,2024-03-10,2024-04-07,5
291,2023-10-22,2023-09-24,2023-11-19,2023-12-17,3
292,2023-05-06,2023-04-08,2023-06-03,2023-07-01,4
293,2022-06-07,2022-05-10,2022-07-05,2022-08-02,4
294,2021-12-10,2021-11-12,2022-01-07,2022-02-04,4
295,2023-07-20,2023-06-22,2023-08-17,2023-09-14,3
296,2022-02-16,2022-01-19,2022-03-16,2022-04-13,5
297,2023-09-11,2023-08-14,2023-10-09,2023-11-06,5
298,2023-09-16,2023-08-19,2023-10-14,2023-11-11,4
299,2024-01-30,2024-01-02,2024-02-27,2024-03-26,4
300,2024-05-19,2024-04-21,2024-06-16,2024-07-14,4
301,2021-12-13,2021-11-15,2022-01-10,2022-02-07,5
302,2023-07-23,2023-06-25,2023-08-20,2023-09-17,4
303,2023-05-14,2023-04-16,2023-06-11,2023-07-09,5
304,2022-07-17,2022-06-19,2022-08-14,2022-09-11,5
305,2024-11-19,2024-10-22,2024-12-17,2025-01-14,5
306,2022-12-08,2022-11-10,2023-01-05,2023-02-02,5
307,2024-02-20,2024-01-23,2024-03-19,2024-04-16,3
308,2022-08-06,2022-07-09,2022-09-03,2022-10-01,5
309,2022-08-05,2022-07-08,2022-09-02,2022-09-30,3
310,2022-06-09,2022-05-12,2022-07-07,2022-08-04,5
311,2022-09-27,2022-08-30,2022-10-25,2022-11-22,3
312,2023-10-25,2023-09-27,2023-11-22,2023-12-20,3
313,2024-02-20,2024-01-23,2024-03-19,2024-04-16,5
314,2024-07-21,2024-06-23,2024-08-18,2024-09-15,3
315,2024-08-06,2024-07-09,2024-09-03,2024-10-01,4
316,2022-09-18,2022-08-21,2022-10-16,2022-11-13,4
317,2022-06-02,2022-05-05,2022-06-30,2022-07-28,5
318,2023-03-15,2023-02-15,2023-04-12,2023-05-10,3
319,2022-02-20,2022-01-23,2022-03-20,2022-04-17,3
320,2024-02-19,2024-01-22,2024-03-18,2024-04-15,5
321,2022-08-07,2022-07-10,2022-09-04,2022-10-02,3
322,2024-11-27,2024-10-30,2024-12-25,2025-01-22,5
323,2024-05-10,2024-04-12,2024-06-07,2024-07-05,3
324,2024-10-17,2024-09-19,2024-11-14,2024-12-12,5
325,2024-11-24,2024-10-27,2024-12-22,2025-01-19,3
326,2022-06-17,2022-05-20,2022-07-15,2022-08-12,5
327,2023-11-09,2023-10-12,2023-12-07,2024-01-04,5
328,2024-09-10,2024-08-13,2024-10-08,2024-11-05,3
329,2023-01-30,2023-01-02,2023-02-27,2023-03-27,3
330,2024-01-05,2023-12-08,2024-02-02,2024-03-01,5
331,2023-07-07,2023-06-09,2023-08-04,2023-09-01,3
332,2022-12-04,2022-11-06,2023-01-01,2023-01-29,5
333,2024-10-08,2024-09-10,2024-11-05,2024-12-03,5
334,2024-08-01,2024-07-04,2024-08-29,2024-09-26,3
335,2022-12-04,2022-11-06,2023-01-01,2023-01-29,4
336,2023-06-30,2023-06-02,2023-07-28,2023-08-25,3
337,2023-09-02,2023-08-05,2023-09-30,2023-10-28,4
338,2022-01-10,2021-12-13,2022-02-07,2022-03-07,3
339,2023-09-03,2023-08-06,2023-10-01,2023-10-29,5
340,2023-11-29,2023-11-01,2023-12-27,2024-01-24,5
341,2023-10-23,2023-09-25,2023-11-20,2023-12-18,3
342,2023-09-06,2023-08-09,2023-10-04,2023-11-01,3
343,2022-05-20,2022-04-22,2022-06-17,2022-07-15,4
344,2023-02-01,2023-01-04,2023-03-01,2023-03-29,3
345,2022-02-09,2022-01-12,2022-03-09,2022-04-06,4
346,2022-01-31,2022-01-03,2022-02-28,2022-03-28,5
347,2024-03-22,2024-02-23,2024-04-19,2024-05-17,3
348,2024-07-14,2024-06-16,2024-08-11,2024-09-08,5
349,2023-12-09,2023-11-11,2024-01-06,2024-02-03,3
350,2022-07-15,2022-06-17,2022-08-12,2022-09-09,4
351,2023-08-01,2023-07-04,2023-08-29,2023-09-26,3
352,2024-11-19,2024-10-22,2024-12-17,2025-01-14,4
353,2023-03-29,2023-03-01,2023-04-26,2023-05-24,3
354,2023-12-11,2023-11-13,2024-01-08,2024-02-05,5
355,2023-01-17,2022-12-20,2023-02-14,2023-03-14,4
356,2022-11-01,2022-10-04,2022-11-29,2022-12-27,4
357,2023-07-17,2023-06-19,2023-08-14,2023-09-11,5
358,2023-10-07,2023-09-09,2023-11-04,2023-12-02,5
359,2023-10-12,2023-09-14,2023-11-09,2023-12-07,3
360,2023-11-01,2023-10-04,2023-11-29,2023-12-27,5
361,2021-12-27,2021-11-29,2022-01-24,2022-02-21,4
362,2024-11-22,2024-10-25,2024-12-20,2025-01-17,3
363,2022-01-02,2021-12-05,2022-01-30,2022-02-27,5
364,2023-11-23,2023-10-26,2023-12-21,2024-01-18,5
365,2023-08-09,2023-07-12,2023-09-06,2023-10-04,5
366,2022-07-26,2022-06-28,2022-08-23,2022-09-20,4
367,2022-01-15,2021-12-18,2022-02-12,2022-03-12,3
368,2022-07-20,2022-06-22,2022-08-17,2022-09-14,5
369,2023-08-07,2023-07-10,2023-09-04,2023-10-02,5
370,2022-09-17,2022-08-20,2022-10-15,2022-11-12,5
371,2024-05-06,2024-04-08,2024-06-03,2024-07-01,3
372,2023-02-15,2023-01-18,2023-03-15,2023-04-12,5
373,2022-10-11,2022-09-13,2022-11-08,2022-12-06,3
374,2023-01-24,2022-12-27,2023-02-21,2023-03-21,3
375,2023-03-13,2023-02-13,2023-04-10,2023-05-08,4
376,2022-02-25,2022-01-28,2022-03-25,2022-04-22,4
377,2024-06-10,2024-05-13,2024-07-08,2024-08-05,5
378,2024-09-04,2024-08-07,2024-10-02,2024-10-30,3
379,2024-11-15,2024-10-18,2024-12-13,2025-01-10,3
380,2022-03-13,2022-02-13,2022-04-10,2022-05-08,4
381,2022-01-20,2021-12-23,2022-02-17,2022-03-17,5
382,2022-11-14,2022-10-17,2022-12-12,2023-01-09,3
383,2022-07-05,2022-06-07,2022-08-02,2022-08-30,5
384,2023-10-28,2023-09-30,2023-11-25,2023-12-23,5
385,2024-10-24,2024-09-26,2024-11-21,2024-12-19,4
386,2023-08-27,2023-07-30,2023-09-24,2023-10-22,4
387,2024-02-07,2024-01-10,2024-03-06,2024-04-03,4
388,2022-11-29,2022-11-01,2022-12-27,2023-01-24,4
389,2022-10-13,2022-09-15,2022-11-10,2022-12-08,3
390,2021-12-08,2021-11-10,2022-01-05,2022-02-02,3
391,2022-05-13,2022-04-15,2022-06-10,2022-07-08,3
392,2022-10-29,2022-10-01,2022-11-26,2022-12-24,5
393,2023-09-21,2023-08-24,2023-10-19,2023-11-16,5
394,2024-10-21,2024-09-23,2024-11-18,2024-12-16,4
395,2024-09-12,2024-08-15,2024-10-10,2024-11-07,3
396,2022-07-01,2022-06-03,2022-07-29,2022-08-26,3
397,2022-01-31,2022-01-03,2022-02-28,2022-03-28,4
398,2022-09-10,2022-08-13,2022-10-08,2022-11-05,4
399,2023-06-24,2023-05-27,2023-07-22,2023-08-19,4
400,2021-12-21,2021-11-23,2022-01-18,2022-02-15,4
401,2024-03-18,2024-02-19,2024-04-15,2024-05-13,3
402,2023-02-18,2023-01-21,2023-03-18,2023-04-15,5
403,2024-03-28,2024-02-29,2024-04-25,2024-05-23,5
404,2023-11-22,2023-10-25,2023-12-20,2024-01-17,5
405,2024-01-03,2023-12-06,2024-01-31,2024-02-28,4
406,2023-06-09,2023-05-12,2023-07-07,2023-08-04,3
407,2022-10-21,2022-09-23,2022-11-18,2022-12-16,5
408,2022-09-30,2022-09-02,2022-10-28,2022-11-25,5
409,2023-02-21,2023-01-24,2023-03-21,2023-04-18,4
410,2023-03-07,2023-02-07,2023-04-04,2023-05-02,4
411,2024-02-28,2024-01-31,2024-03-27,2024-04-24,4
412,2023-06-13,2023-05-16,2023-07-11,2023-08-08,4
413,2022-12-27,2022-11-29,2023-01-24,2023-02-21,5
414,2023-03-22,2023-02-22,2023-04-19,2023-05-17,4
415,2022-05-10,2022-04-12,2022-06-07,2022-07-05,3
416,2023-08-05,2023-07-08,2023-09-02,2023-09-30,5
417,2023-07-05,2023-06-07,2023-08-02,2023-08-30,4
418,2024-08-11,2024-07-14,2024-09-08,2024-10-06,4
419,2021-12-08,2021-11-10,2022-01-05,2022-02-02,3
420,2021-12-09,2021-11-11,2022-01-06,2022-02-03,3
421,2022-10-02,2022-09-04,2022-10-30,2022-11-27,4
422,2022-06-27,2022-05-30,2022-07-25,2022-08-22,3
423,2024-03-11,2024-02-12,2024-04-08,2024-05-06,4
424,2022-08-02,2022-07-05,2022-08-30,2022-09-27,4
425,2024-10-15,2024-09-17,2024-11-12,2024-12-10,5
426,2022-05-02,2022-04-04,2022-05-30,2022-06-27,3
427,2022-03-13,2022-02-13,2022-04-10,2022-05-08,5
428,2023-05-03,2023-04-05,2023-05-31,2023-06-28,3
429,2022-03-03,2022-02-03,2022-03-31,2022-04-28,3
430,2023-01-13,2022-12-16,2023-02-10,2023-03-10,4
431,2022-09-21,2022-08-24,2022-10-19,2022-11-16,5
432,2024-11-10,2024-10-13,2024-12-08,2025-01-05,3
433,2023-12-08,2023-11-10,2024-01-05,2024-02-02,3
434,2024-07-11,2024-06-13,2024-08-08,2024-09-05,3
435,2024-07-06,2024-06-08,2024-08-03,2024-08-31,5
436,2022-05-12,2022-04-14,2022-06-09,2022-07-07,4
437,2022-12-07,2022-11-09,2023-01-04,2023-02-01,5
438,2022-03-09,2022-02-09,2022-04-06,2022-05-04,5
439,2023-02-22,2023-01-25,2023-03-22,2023-04-19,4
440,2022-12-08,2022-11-10,2023-01-05,2023-02-02,4
441,2023-11-26,2023-10-29,2023-12-24,2024-01-21,4
442,2023-06-04,2023-05-07,2023-07-02,2023-07-30,5
443,2024-07-04,2024-06-06,2024-08-01,2024-08-29,5
444,2023-04-11,2023-03-14,2023-05-09,2023-06-06,5
445,2022-05-18,2022-04-20,2022-06-15,2022-07-13,4
446,2022-06-08,2022-05-11,2022-07-06,2022-08-03,5
447,2023-07-28,2023-06-30,2023-08-25,2023-09-22,3
448,2023-11-04,2023-10-07,2023-12-02,2023-12-30,3
449,2024-01-20,2023-12-23,2024-02-17,2024-03-16,5
450,2024-04-14,2024-03-17,2024-05-12,2024-06-09,3
